yyyymm,link
195001,https://download-0005-clone.copernicus-climate.eu/cache-compute-0005/cache/data6/adaptor.mars.internal-1694548260.4941206-12300-5-9c19cff8-c6f9-4031-89e5-e6c2ce84a784.nc
195002,https://download-0015-clone.copernicus-climate.eu/cache-compute-0015/cache/data1/adaptor.mars.internal-1694548293.9504497-31768-12-2e96461b-c45a-4de1-aabb-436d71345fd7.nc
195003,https://download-0005-clone.copernicus-climate.eu/cache-compute-0005/cache/data8/adaptor.mars.internal-1694548318.2353044-10614-19-aa113fcb-df57-48ee-a6bf-19c6a474c1dd.nc
195004,https://download-0021.copernicus-climate.eu/cache-compute-0021/cache/data3/adaptor.mars.internal-1694548382.559807-14930-6-c324e2ff-0341-44f7-a940-f244a0ec50b5.nc
195005,https://download-0015-clone.copernicus-climate.eu/cache-compute-0015/cache/data3/adaptor.mars.internal-1694548425.7931085-14827-17-f9b4ab65-8b7f-46dc-b361-fece9ab8276f.nc
195006,https://download-0015-clone.copernicus-climate.eu/cache-compute-0015/cache/data3/adaptor.mars.internal-1694548459.2347565-27923-19-ef0089d7-0ca0-4df1-87c9-f21dd0254ee8.nc
195007,https://download-0005-clone.copernicus-climate.eu/cache-compute-0005/cache/data8/adaptor.mars.internal-1694548493.4328854-12983-8-b222f746-fb11-4a1f-8a41-548e6d225761.nc
195008,https://download-0000-clone.copernicus-climate.eu/cache-compute-0000/cache/data2/adaptor.mars.internal-1694548527.412766-30681-7-d4fe01f1-133e-4066-97e3-f229cc5534f6.nc
195009,https://download-0016.copernicus-climate.eu/cache-compute-0016/cache/data4/adaptor.mars.internal-1694548560.1137626-13113-12-ad52ae4a-4bf5-4048-8b16-8adeaab651ff.nc
195010,https://download-0015-clone.copernicus-climate.eu/cache-compute-0015/cache/data8/adaptor.mars.internal-1694548582.7448227-2076-4-409ec977-7845-4ec9-866f-4dd3869fc57b.nc
195011,https://download-0001-clone.copernicus-climate.eu/cache-compute-0001/cache/data9/adaptor.mars.internal-1694548617.1678703-7788-3-17f617ff-e8df-4e93-a9f2-bdcc2cc56814.nc
195012,https://download-0021.copernicus-climate.eu/cache-compute-0021/cache/data2/adaptor.mars.internal-1694548638.6574793-17180-2-f13da481-043d-4b89-8bf7-80cf297ed7f9.nc
195101,https://download-0010-clone.copernicus-climate.eu/cache-compute-0010/cache/data9/adaptor.mars.internal-1694548660.8290975-1739-14-043e631f-7273-428d-959f-12a491687b43.nc
195102,https://download-0002-clone.copernicus-climate.eu/cache-compute-0002/cache/data1/adaptor.mars.internal-1694548684.3342648-7296-18-3ca13e1e-0983-4a78-82fd-a6e4ab432fe3.nc
195103,https://download-0002-clone.copernicus-climate.eu/cache-compute-0002/cache/data4/adaptor.mars.internal-1694548705.0462544-8465-14-52f2c6a3-d563-4457-a71b-401b44d3ba2e.nc
195104,https://download-0000-clone.copernicus-climate.eu/cache-compute-0000/cache/data8/adaptor.mars.internal-1694548728.3534153-31159-20-a516d618-8ea3-4867-ad4f-7c7c0183fda1.nc
195105,https://download-0021.copernicus-climate.eu/cache-compute-0021/cache/data7/adaptor.mars.internal-1694548762.4699178-17180-7-aca9a347-6cd6-40a5-8f57-f401d58c1d86.nc
195106,https://download-0020.copernicus-climate.eu/cache-compute-0020/cache/data6/adaptor.mars.internal-1694548795.629866-17588-2-c0d17e24-0ad7-48c0-9ad8-dca4fad9a291.nc
195107,https://download-0006-clone.copernicus-climate.eu/cache-compute-0006/cache/data3/adaptor.mars.internal-1694548829.7333374-23883-13-15de5f15-2468-4e78-9130-9fb1f7e19d1f.nc
195108,https://download-0011-clone.copernicus-climate.eu/cache-compute-0011/cache/data0/adaptor.mars.internal-1694548862.877031-18375-13-62e790f8-171e-4179-bd78-c1f0eb47eac8.nc
195109,https://download-0017.copernicus-climate.eu/cache-compute-0017/cache/data2/adaptor.mars.internal-1694548885.1067815-15473-6-506cb52a-b654-464d-b6e2-e6bc905b7919.nc
195110,https://download-0020.copernicus-climate.eu/cache-compute-0020/cache/data8/adaptor.mars.internal-1694548908.4330556-16871-11-137fab03-1ed8-4423-b852-46611de1ff68.nc
195111,https://download-0010-clone.copernicus-climate.eu/cache-compute-0010/cache/data7/adaptor.mars.internal-1694548941.5640686-4806-8-da750b0b-1641-420f-b5e0-baeb7dac9ee0.nc
195112,https://download-0018.copernicus-climate.eu/cache-compute-0018/cache/data6/adaptor.mars.internal-1694548963.7899885-3049-15-e987cdb2-9254-439a-bb79-4a644b9615d9.nc
195201,https://download-0018.copernicus-climate.eu/cache-compute-0018/cache/data0/adaptor.mars.internal-1694548998.1286993-1270-19-cd56c5f6-099c-4a35-85c6-c367e9c238f6.nc
195202,https://download-0005-clone.copernicus-climate.eu/cache-compute-0005/cache/data8/adaptor.mars.internal-1694549031.058508-15917-9-ad8e4f03-15c7-47fa-8f64-386caab374e5.nc
195203,https://download-0005-clone.copernicus-climate.eu/cache-compute-0005/cache/data8/adaptor.mars.internal-1694549055.4706552-17450-18-722ed70c-08cb-4928-8028-2272f5e2db19.nc
195204,https://download-0002-clone.copernicus-climate.eu/cache-compute-0002/cache/data7/adaptor.mars.internal-1694549088.4945483-14275-11-b7a16fb6-de4f-4f7e-a712-682aa0361997.nc
195205,https://download-0021.copernicus-climate.eu/cache-compute-0021/cache/data5/adaptor.mars.internal-1694549122.832369-17667-19-c868a38b-4d91-483f-84f6-a424de7b41ae.nc
195206,https://download-0007-clone.copernicus-climate.eu/cache-compute-0007/cache/data2/adaptor.mars.internal-1694549155.258244-6978-12-c918ba11-db60-4a67-abd4-30ad4e226156.nc
195207,https://download-0001-clone.copernicus-climate.eu/cache-compute-0001/cache/data7/adaptor.mars.internal-1694549188.1008897-12683-12-6ac7c1c4-3267-4b3b-a25f-52c47c155ddd.nc
195208,https://download-0004-clone.copernicus-climate.eu/cache-compute-0004/cache/data3/adaptor.mars.internal-1694549285.8525486-12542-11-9febc85b-7de4-4533-a072-ee746b580146.nc
195209,https://download-0004-clone.copernicus-climate.eu/cache-compute-0004/cache/data4/adaptor.mars.internal-1694549337.7102566-7319-18-29de4b7a-5fc4-477e-9ac2-45a7d1b5446d.nc
195210,https://download-0006-clone.copernicus-climate.eu/cache-compute-0006/cache/data3/adaptor.mars.internal-1694549360.4722626-11249-13-3761ccef-f110-40f2-9d99-2bfce71b24d0.nc
195211,https://download-0010-clone.copernicus-climate.eu/cache-compute-0010/cache/data7/adaptor.mars.internal-1694549393.6258223-6400-12-4d8fe48e-ddd6-4e70-b540-a575b3ffea53.nc
195212,https://download-0013-clone.copernicus-climate.eu/cache-compute-0013/cache/data3/adaptor.mars.internal-1694549427.5223305-32126-16-358cb8be-3d56-4e0b-8a52-132ed05bd556.nc
195301,https://download-0016.copernicus-climate.eu/cache-compute-0016/cache/data8/adaptor.mars.internal-1694549461.4513543-21593-8-3cab3fc6-0164-4744-89a6-d27f0dc05db2.nc
195302,https://download-0003-clone.copernicus-climate.eu/cache-compute-0003/cache/data9/adaptor.mars.internal-1694549495.5843709-6175-10-f22194a9-ceaf-4135-8e21-c16e11b1e471.nc
195303,https://download-0005-clone.copernicus-climate.eu/cache-compute-0005/cache/data5/adaptor.mars.internal-1694549528.3861632-18934-12-d8a67ce3-19ba-4c3d-b65f-784618cb4299.nc
195304,https://download-0009-clone.copernicus-climate.eu/cache-compute-0009/cache/data1/adaptor.mars.internal-1694549562.520606-25260-19-56a363fe-c4eb-4472-a0a8-298a06c528d9.nc
195305,https://download-0013-clone.copernicus-climate.eu/cache-compute-0013/cache/data9/adaptor.mars.internal-1694549595.5395749-2682-17-b5057bf7-1b38-406a-893e-951994a4af61.nc
195306,https://download-0008-clone.copernicus-climate.eu/cache-compute-0008/cache/data1/adaptor.mars.internal-1694549629.6449308-24145-8-3d98bc0f-656f-45f9-9bcf-3c49b64b744a.nc
195307,https://download-0017.copernicus-climate.eu/cache-compute-0017/cache/data1/adaptor.mars.internal-1694549662.5043507-31225-12-926afe61-97de-4967-a850-94885e608ba6.nc
195308,https://download-0003-clone.copernicus-climate.eu/cache-compute-0003/cache/data0/adaptor.mars.internal-1694549696.591198-6205-12-3558941f-c7e8-4ae0-9572-cbadb297d0ea.nc
195309,https://download-0004-clone.copernicus-climate.eu/cache-compute-0004/cache/data2/adaptor.mars.internal-1694549731.2541492-14563-19-d95fb658-3fe0-453c-b954-fcb0c1dff951.nc
195310,https://download-0005-clone.copernicus-climate.eu/cache-compute-0005/cache/data6/adaptor.mars.internal-1694549764.311591-20999-6-1da61649-cd7e-42b2-b08a-c0c65005eda4.nc
195311,https://download-0019.copernicus-climate.eu/cache-compute-0019/cache/data9/adaptor.mars.internal-1694549798.0357537-13685-17-73ea8f35-d897-4c7f-8f59-52a4d23d57ee.nc
195312,https://download-0020.copernicus-climate.eu/cache-compute-0020/cache/data6/adaptor.mars.internal-1694549831.1246688-22908-19-21a7c7c7-83aa-4449-8462-b52047069a92.nc
195401,https://download-0012-clone.copernicus-climate.eu/cache-compute-0012/cache/data3/adaptor.mars.internal-1694549864.8373988-32605-11-eb891f65-3101-4f84-a29a-f4d921125ac4.nc
195402,https://download-0020.copernicus-climate.eu/cache-compute-0020/cache/data1/adaptor.mars.internal-1694549886.6911821-25456-8-6b95f204-ca82-46b5-817e-c5f58491f753.nc
195403,https://download-0008-clone.copernicus-climate.eu/cache-compute-0008/cache/data3/adaptor.mars.internal-1694549909.9453046-18411-17-64763f2b-05bf-46ff-aa05-4834ca61b0b3.nc
195404,https://download-0006-clone.copernicus-climate.eu/cache-compute-0006/cache/data3/adaptor.mars.internal-1694549943.4948664-17202-5-5c09425b-ac8f-434b-93fb-1f405ea8a662.nc
195405,https://download-0007-clone.copernicus-climate.eu/cache-compute-0007/cache/data8/adaptor.mars.internal-1694549978.02276-13228-11-4498c43e-8ae9-4042-802e-88f37a16e696.nc
195406,https://download-0011-clone.copernicus-climate.eu/cache-compute-0011/cache/data0/adaptor.mars.internal-1694550010.8164766-31655-13-c3f08778-0b91-4ab6-8123-f017d89ce0f7.nc
195407,https://download-0015-clone.copernicus-climate.eu/cache-compute-0015/cache/data2/adaptor.mars.internal-1694550032.756474-9817-16-1f8fa853-f817-4976-91a0-03d652d05a5c.nc
195408,https://download-0020.copernicus-climate.eu/cache-compute-0020/cache/data7/adaptor.mars.internal-1694550066.4367166-18057-20-bd9af2f8-010c-4653-8a7e-5c07d401c322.nc
195409,https://download-0017.copernicus-climate.eu/cache-compute-0017/cache/data1/adaptor.mars.internal-1694550088.5747-4962-8-87741f18-faca-4fca-998d-7f7c1bb5fd88.nc
195410,https://download-0002-clone.copernicus-climate.eu/cache-compute-0002/cache/data8/adaptor.mars.internal-1694550122.140963-22796-3-aaa82188-fbf9-4c83-bb31-68f255ad9f61.nc
195411,https://download-0021.copernicus-climate.eu/cache-compute-0021/cache/data1/adaptor.mars.internal-1694550155.9714363-26160-1-8d1cbe4c-89d3-4c4b-819f-8419da774144.nc
195412,https://download-0003-clone.copernicus-climate.eu/cache-compute-0003/cache/data9/adaptor.mars.internal-1694550178.4313853-11084-8-dd7fb3f8-9af9-4cab-baa8-d9db8a853219.nc
195501,https://download-0017.copernicus-climate.eu/cache-compute-0017/cache/data1/adaptor.mars.internal-1694550211.6648161-10898-7-316df298-23e2-448e-b5c5-d4d58ab08097.nc
195502,https://download-0019.copernicus-climate.eu/cache-compute-0019/cache/data1/adaptor.mars.internal-1694550245.648308-18301-11-f56097e6-d2a9-46ae-ae11-d2baa1386283.nc
195503,https://download-0007-clone.copernicus-climate.eu/cache-compute-0007/cache/data4/adaptor.mars.internal-1694550269.2859442-17265-2-b7de1e3f-0455-4026-b3ee-b274a3d4070c.nc
195504,https://download-0012-clone.copernicus-climate.eu/cache-compute-0012/cache/data7/adaptor.mars.internal-1694550303.1463368-3102-15-0906848e-2f0b-48de-9c7e-b0ee2139d69d.nc
195505,https://download-0001-clone.copernicus-climate.eu/cache-compute-0001/cache/data7/adaptor.mars.internal-1694550336.7229037-4231-6-d75b96c8-204a-4667-8383-8e4ef5f584b8.nc
195506,https://download-0010-clone.copernicus-climate.eu/cache-compute-0010/cache/data2/adaptor.mars.internal-1694550368.9014106-11184-15-acf9514f-483c-4b80-b802-410030bd7a7e.nc
195507,https://download-0018.copernicus-climate.eu/cache-compute-0018/cache/data2/adaptor.mars.internal-1694550391.2764876-13272-8-80dce3da-4720-4014-8e93-2fe6346fd973.nc
195508,https://download-0014-clone.copernicus-climate.eu/cache-compute-0014/cache/data7/adaptor.mars.internal-1694550425.461931-7157-13-75dae00f-6012-40b3-a8a2-1296ed00787b.nc
195509,https://download-0011-clone.copernicus-climate.eu/cache-compute-0011/cache/data7/adaptor.mars.internal-1694550458.668979-2527-17-ca80c85a-a2b6-4674-81c6-e60f0827843f.nc
195510,https://download-0005-clone.copernicus-climate.eu/cache-compute-0005/cache/data3/adaptor.mars.internal-1694550492.8439145-23817-11-35a650bf-f7fa-4498-b8cc-e1ebcb486143.nc
195511,https://download-0021.copernicus-climate.eu/cache-compute-0021/cache/data0/adaptor.mars.internal-1694550527.2168894-10348-20-28dc1940-6ae3-4e57-82ee-4184f6a281d8.nc
195512,https://download-0008-clone.copernicus-climate.eu/cache-compute-0008/cache/data3/adaptor.mars.internal-1694550561.0582933-1343-6-a6363c07-575a-4ef9-9801-502f79ea2686.nc
195601,https://download-0000-clone.copernicus-climate.eu/cache-compute-0000/cache/data4/adaptor.mars.internal-1694550594.4984894-10001-4-02759073-3b46-40ea-8912-da963b61a12d.nc
195602,https://download-0012-clone.copernicus-climate.eu/cache-compute-0012/cache/data5/adaptor.mars.internal-1694550627.4961612-10666-7-ac6e0dcf-9135-442c-8646-9a0a443135a2.nc
195603,https://download-0018.copernicus-climate.eu/cache-compute-0018/cache/data8/adaptor.mars.internal-1694550650.7127805-13382-11-bf84b620-8cc5-43ba-870b-926a663f1ef1.nc
195604,https://download-0000-clone.copernicus-climate.eu/cache-compute-0000/cache/data3/adaptor.mars.internal-1694550684.270087-9677-3-b2fc6f81-9b23-4187-a521-89c94a457f38.nc
195605,https://download-0013-clone.copernicus-climate.eu/cache-compute-0013/cache/data9/adaptor.mars.internal-1694550718.2936552-8851-17-4eb3f65b-dfb4-429f-b4a5-510ea187402f.nc
195606,https://download-0009-clone.copernicus-climate.eu/cache-compute-0009/cache/data5/adaptor.mars.internal-1694550751.728038-9541-5-564ae794-7cd3-4f61-a70b-801263ac6fe9.nc
195607,https://download-0007-clone.copernicus-climate.eu/cache-compute-0007/cache/data6/adaptor.mars.internal-1694550784.9740722-22907-7-ba2ebceb-c069-40f3-b4ab-15874d738c5d.nc
195608,https://download-0016.copernicus-climate.eu/cache-compute-0016/cache/data3/adaptor.mars.internal-1694550819.4632487-32758-15-0f85fa8a-da42-4f38-9e8f-0d93cb26e315.nc
195609,https://download-0004-clone.copernicus-climate.eu/cache-compute-0004/cache/data1/adaptor.mars.internal-1694550853.5901597-24938-2-e146af76-ae7e-4364-a404-34c7bc7bf120.nc
195610,https://download-0018.copernicus-climate.eu/cache-compute-0018/cache/data7/adaptor.mars.internal-1694550887.8098352-17274-9-d563a1cc-d9c8-467c-aeb2-ce34b073ec3a.nc
195611,https://download-0003-clone.copernicus-climate.eu/cache-compute-0003/cache/data6/adaptor.mars.internal-1694550920.8767166-21025-3-94aed6be-58ee-4fe5-a22b-617a96ebd2f8.nc
195612,https://download-0002-clone.copernicus-climate.eu/cache-compute-0002/cache/data1/adaptor.mars.internal-1694550954.4976335-30934-9-38281102-c44a-4669-84ac-84719d15a4df.nc
195701,https://download-0014-clone.copernicus-climate.eu/cache-compute-0014/cache/data6/adaptor.mars.internal-1694550988.7313192-7667-18-155921cf-5acd-49e9-82b0-07ed331c738c.nc
195702,https://download-0003-clone.copernicus-climate.eu/cache-compute-0003/cache/data2/adaptor.mars.internal-1694551021.467701-31842-15-1ff30ac3-d6e5-4856-b5ad-ce3b9499ff8a.nc
195703,https://download-0015-clone.copernicus-climate.eu/cache-compute-0015/cache/data6/adaptor.mars.internal-1694551044.0704598-14615-17-ce9bee2e-a8b1-4df5-8543-0a8ed4917d65.nc
195704,https://download-0006-clone.copernicus-climate.eu/cache-compute-0006/cache/data0/adaptor.mars.internal-1694551077.825776-26549-19-750e34e7-1eda-48a2-881d-3602a4c62bc0.nc
195705,https://download-0008-clone.copernicus-climate.eu/cache-compute-0008/cache/data6/adaptor.mars.internal-1694551117.4725177-3081-14-6ba93126-7b11-49bd-9da2-1e1e66e4d45c.nc
195706,https://download-0008-clone.copernicus-climate.eu/cache-compute-0008/cache/data8/adaptor.mars.internal-1694551150.947533-9403-4-187b4099-9de6-47f2-b461-be80f8002596.nc
195707,https://download-0006-clone.copernicus-climate.eu/cache-compute-0006/cache/data5/adaptor.mars.internal-1694551185.3870115-2681-8-bf845a35-0c73-4141-9b9d-d4a200739814.nc
195708,https://download-0006-clone.copernicus-climate.eu/cache-compute-0006/cache/data5/adaptor.mars.internal-1694551219.1253166-3227-6-d9c8846f-904b-4e40-aa46-25006ea8265f.nc
195709,https://download-0016.copernicus-climate.eu/cache-compute-0016/cache/data6/adaptor.mars.internal-1694551253.3517742-10365-11-8ba67a86-2f7c-46fd-8e69-6033aba52f0d.nc
195710,https://download-0019.copernicus-climate.eu/cache-compute-0019/cache/data5/adaptor.mars.internal-1694551286.5534806-989-14-9d646851-cdc1-499d-ace6-d0e6e5cb90ce.nc
195711,https://download-0000-clone.copernicus-climate.eu/cache-compute-0000/cache/data5/adaptor.mars.internal-1694551320.4392831-19174-10-3368cb9b-52be-4267-b484-e624e9a44395.nc
195712,https://download-0009-clone.copernicus-climate.eu/cache-compute-0009/cache/data7/adaptor.mars.internal-1694551354.8702521-17860-14-ef603e34-0e8a-483b-a942-6dd6305b5788.nc
195801,https://download-0004-clone.copernicus-climate.eu/cache-compute-0004/cache/data0/adaptor.mars.internal-1694551387.9650483-26029-15-5a7370cf-385c-4c9f-8b80-aeed4ee62699.nc
195802,https://download-0009-clone.copernicus-climate.eu/cache-compute-0009/cache/data7/adaptor.mars.internal-1694551421.7306893-857-18-324df35f-1c6e-4c77-bb3f-e1d107bcd88e.nc
195803,https://download-0016.copernicus-climate.eu/cache-compute-0016/cache/data2/adaptor.mars.internal-1694551454.4472203-10194-19-87e39332-b1e7-45f2-b00a-515503508fbc.nc
195804,https://download-0021.copernicus-climate.eu/cache-compute-0021/cache/data3/adaptor.mars.internal-1694551487.792595-9255-6-c60204d6-ffae-4ddd-a17f-59db516be8df.nc
195805,https://download-0011-clone.copernicus-climate.eu/cache-compute-0011/cache/data6/adaptor.mars.internal-1694551521.7782178-19989-4-29a55896-c397-4e0e-9417-4b1262fe9188.nc
195806,https://download-0016.copernicus-climate.eu/cache-compute-0016/cache/data7/adaptor.mars.internal-1694551544.2549195-12110-9-8f93052e-e56f-43c9-8809-24d70580446b.nc
195807,https://download-0007-clone.copernicus-climate.eu/cache-compute-0007/cache/data6/adaptor.mars.internal-1694551578.586279-1200-7-50d09a9b-2104-47b9-9517-909b275b4398.nc
195808,https://download-0014-clone.copernicus-climate.eu/cache-compute-0014/cache/data4/adaptor.mars.internal-1694551611.4388814-18338-7-1908dbd2-a474-4abf-9d1d-cf9f24538e90.nc
195809,https://download-0019.copernicus-climate.eu/cache-compute-0019/cache/data0/adaptor.mars.internal-1694551646.1038105-4537-6-bcc0f8af-edaa-4937-a74b-4add6d34040e.nc
195810,https://download-0007-clone.copernicus-climate.eu/cache-compute-0007/cache/data1/adaptor.mars.internal-1694551679.221166-365-13-308c1079-8d1d-4c9c-85f5-813959e159f9.nc
195811,https://download-0020.copernicus-climate.eu/cache-compute-0020/cache/data6/adaptor.mars.internal-1694551713.3200417-13159-18-7ad4a3c8-9f38-499e-be16-b86831b19eff.nc
195812,https://download-0004-clone.copernicus-climate.eu/cache-compute-0004/cache/data9/adaptor.mars.internal-1694551747.6557257-28146-14-f1c1f4d6-9449-426e-b961-743eb1f24052.nc
195901,https://download-0016.copernicus-climate.eu/cache-compute-0016/cache/data9/adaptor.mars.internal-1694551780.8288066-15395-1-22abf5a1-61d4-4f7c-9069-4267753f47f7.nc
195902,https://download-0012-clone.copernicus-climate.eu/cache-compute-0012/cache/data8/adaptor.mars.internal-1694551814.538438-23464-9-1bdc0e7e-a4fe-42f7-90f4-f7af4de80374.nc
195903,https://download-0011-clone.copernicus-climate.eu/cache-compute-0011/cache/data6/adaptor.mars.internal-1694551836.6483262-19989-19-54937e12-851a-468f-946b-3bd29a2d1f77.nc
195904,https://download-0015-clone.copernicus-climate.eu/cache-compute-0015/cache/data3/adaptor.mars.internal-1694551870.7490022-21711-11-9d38e0f0-6792-4749-8ef2-8cd057a9edd5.nc
195905,https://download-0007-clone.copernicus-climate.eu/cache-compute-0007/cache/data8/adaptor.mars.internal-1694551898.4803476-1513-15-32c7027e-f7f8-479d-9348-abd4206936d3.nc
195906,https://download-0002-clone.copernicus-climate.eu/cache-compute-0002/cache/data4/adaptor.mars.internal-1694551926.635235-9095-14-646b7c8d-0bb3-45e5-81b8-8cca281b283e.nc
195907,https://download-0003-clone.copernicus-climate.eu/cache-compute-0003/cache/data2/adaptor.mars.internal-1694551960.5740726-1188-4-1569cc24-612e-4efb-b691-4de071f44530.nc
195908,https://download-0017.copernicus-climate.eu/cache-compute-0017/cache/data1/adaptor.mars.internal-1694551994.5444438-12431-8-9c4b1d88-6203-4edf-adf6-cafc2d775e7a.nc
195909,https://download-0009-clone.copernicus-climate.eu/cache-compute-0009/cache/data9/adaptor.mars.internal-1694552027.763538-20069-20-7b9aecc4-0338-4ae2-8446-00921dc513be.nc
195910,https://download-0016.copernicus-climate.eu/cache-compute-0016/cache/data3/adaptor.mars.internal-1694552061.8465462-17107-2-9bf16c09-c5db-4c3f-94c0-8e0a85cba7d6.nc
195911,https://download-0021.copernicus-climate.eu/cache-compute-0021/cache/data0/adaptor.mars.internal-1694552096.6075082-12207-3-d4b4cf77-7e8a-4bb5-ad6e-a36537c93fbd.nc
195912,https://download-0012-clone.copernicus-climate.eu/cache-compute-0012/cache/data2/adaptor.mars.internal-1694552129.6499307-25292-8-4d6eabbe-3c34-438b-8121-424b60d5d527.nc
196001,https://download-0005-clone.copernicus-climate.eu/cache-compute-0005/cache/data3/adaptor.mars.internal-1694552164.1467247-9811-16-32beb713-f95c-4276-a508-06f222ec47bc.nc
196002,https://download-0001-clone.copernicus-climate.eu/cache-compute-0001/cache/data2/adaptor.mars.internal-1694552197.3693576-27819-1-dbbd3bd4-d58b-4451-b725-36fbc88e118b.nc
196003,https://download-0009-clone.copernicus-climate.eu/cache-compute-0009/cache/data3/adaptor.mars.internal-1694552232.1088324-23841-9-dabde3f0-c2b8-4578-8aac-008dbfff650a.nc
196004,https://download-0017.copernicus-climate.eu/cache-compute-0017/cache/data7/adaptor.mars.internal-1694552264.5397844-17970-10-26a3c93d-8fd0-44a1-83cb-a84ef903ad84.nc
196005,https://download-0018.copernicus-climate.eu/cache-compute-0018/cache/data4/adaptor.mars.internal-1694552287.0025728-452-2-edd73464-4358-4d58-b060-b3a1ad7bdba7.nc
196006,https://download-0019.copernicus-climate.eu/cache-compute-0019/cache/data8/adaptor.mars.internal-1694552321.6629236-4845-19-0a984e57-c5b8-4903-ad34-c1f987904e86.nc
196007,https://download-0015-clone.copernicus-climate.eu/cache-compute-0015/cache/data0/adaptor.mars.internal-1694552354.2466571-24477-18-e938213e-2d58-429f-b177-952ccbd7ec97.nc
196008,https://download-0003-clone.copernicus-climate.eu/cache-compute-0003/cache/data2/adaptor.mars.internal-1694552376.5883603-3582-5-e755c61f-8a6a-48a9-9fa9-4f60ab6ca6a6.nc
196009,https://download-0013-clone.copernicus-climate.eu/cache-compute-0013/cache/data4/adaptor.mars.internal-1694552410.5645955-32017-1-feace3d3-f9f3-4c33-91bc-5d096330fd21.nc
196010,https://download-0016.copernicus-climate.eu/cache-compute-0016/cache/data7/adaptor.mars.internal-1694552444.436977-19559-9-a3965c00-e2cd-4e11-a8af-09f9c337d332.nc
196011,https://download-0001-clone.copernicus-climate.eu/cache-compute-0001/cache/data7/adaptor.mars.internal-1694552477.7097142-28054-10-553bb745-9046-41fb-abc2-e83589973b4d.nc
196012,https://download-0016.copernicus-climate.eu/cache-compute-0016/cache/data0/adaptor.mars.internal-1694552512.131987-19486-10-43786891-b643-4e1b-af5e-4c2a0561ae79.nc
196101,https://download-0019.copernicus-climate.eu/cache-compute-0019/cache/data8/adaptor.mars.internal-1694552544.6331306-6241-19-151dc385-3550-4686-bc42-64629a854c58.nc
196102,https://download-0012-clone.copernicus-climate.eu/cache-compute-0012/cache/data2/adaptor.mars.internal-1694552567.225719-28048-8-b8e8b3cc-62fb-4744-8fca-c63e0a9fff9e.nc
196103,https://download-0015-clone.copernicus-climate.eu/cache-compute-0015/cache/data2/adaptor.mars.internal-1694552589.8649364-26076-16-f5ebf43d-722b-481e-8fb8-e6dfd98a8c4a.nc
196104,https://download-0021.copernicus-climate.eu/cache-compute-0021/cache/data6/adaptor.mars.internal-1694552624.2057066-14370-8-7585419d-816c-4abc-8516-17681a480881.nc
196105,https://download-0001-clone.copernicus-climate.eu/cache-compute-0001/cache/data4/adaptor.mars.internal-1694552657.919309-28623-14-2902760f-094c-4f78-9425-d1250a136604.nc
196106,https://download-0009-clone.copernicus-climate.eu/cache-compute-0009/cache/data2/adaptor.mars.internal-1694552691.164837-23653-10-2c2ffb13-ec4f-4c10-aef0-1d6d185ebd54.nc
196107,https://download-0002-clone.copernicus-climate.eu/cache-compute-0002/cache/data1/adaptor.mars.internal-1694552724.9601388-11792-17-abfdbdec-6bc8-4f41-8581-1a269a226bba.nc
196108,https://download-0013-clone.copernicus-climate.eu/cache-compute-0013/cache/data9/adaptor.mars.internal-1694552759.4796443-31825-13-1ff97e93-acfa-4315-9dbe-f53db7eabb0e.nc
196109,https://download-0020.copernicus-climate.eu/cache-compute-0020/cache/data8/adaptor.mars.internal-1694552792.151052-20309-15-8a724974-3894-4f15-aeac-55b7e95770e7.nc
196110,https://download-0013-clone.copernicus-climate.eu/cache-compute-0013/cache/data3/adaptor.mars.internal-1694552826.8932073-31825-16-e8ddf87a-7cae-41df-8c08-0fa11289b730.nc
196111,https://download-0015-clone.copernicus-climate.eu/cache-compute-0015/cache/data8/adaptor.mars.internal-1694552860.1565936-30962-2-f088d97e-b0a7-422a-8f14-5ee4dcb35699.nc
196112,https://download-0012-clone.copernicus-climate.eu/cache-compute-0012/cache/data5/adaptor.mars.internal-1694552883.0349972-28861-16-d3601d63-7754-4821-98a6-f92047b1a905.nc
196201,https://download-0013-clone.copernicus-climate.eu/cache-compute-0013/cache/data3/adaptor.mars.internal-1694552915.8571455-24042-16-0cbd98f7-1382-430c-aae4-d6de03c8633d.nc
196202,https://download-0013-clone.copernicus-climate.eu/cache-compute-0013/cache/data9/adaptor.mars.internal-1694552949.9184606-4252-13-5d5b6eb5-112e-4101-8c10-34e8a426cd59.nc
196203,https://download-0004-clone.copernicus-climate.eu/cache-compute-0004/cache/data1/adaptor.mars.internal-1694552972.2045524-14273-8-51a94a69-8a7e-48c7-86b6-aab10ba308ec.nc
196204,https://download-0010-clone.copernicus-climate.eu/cache-compute-0010/cache/data2/adaptor.mars.internal-1694553005.9519532-12910-6-afd121b7-052e-42b3-a124-24a4dfb06a79.nc
196205,https://download-0021.copernicus-climate.eu/cache-compute-0021/cache/data7/adaptor.mars.internal-1694553027.9940746-21320-11-66988324-6d08-49a4-9078-9c4c22642fc9.nc
196206,https://download-0015-clone.copernicus-climate.eu/cache-compute-0015/cache/data3/adaptor.mars.internal-1694553061.541574-30881-11-21dfe6de-525f-4a73-8a9d-1e2339d3cf75.nc
196207,https://download-0011-clone.copernicus-climate.eu/cache-compute-0011/cache/data0/adaptor.mars.internal-1694553083.6710567-2496-6-8b62336b-56c6-4fb4-b7f7-2c0c9bae64c1.nc
196208,https://download-0014-clone.copernicus-climate.eu/cache-compute-0014/cache/data8/adaptor.mars.internal-1694553117.6519403-3399-16-a99f80b8-7101-4979-95c4-c60a9bb94588.nc
196209,https://download-0009-clone.copernicus-climate.eu/cache-compute-0009/cache/data7/adaptor.mars.internal-1694553151.7167356-32559-18-b36ddeb5-cbe3-44f2-890b-891ff2b31c75.nc
196210,https://download-0006-clone.copernicus-climate.eu/cache-compute-0006/cache/data0/adaptor.mars.internal-1694553185.2545128-18809-12-6c1944ab-9cff-4982-9957-abe83bedb14a.nc
196211,https://download-0008-clone.copernicus-climate.eu/cache-compute-0008/cache/data4/adaptor.mars.internal-1694553219.1143723-25783-1-0ebf9479-e883-4252-8764-afd4575eae62.nc
196212,https://download-0003-clone.copernicus-climate.eu/cache-compute-0003/cache/data2/adaptor.mars.internal-1694553241.5549095-14395-5-10e944e2-7b43-4977-a54a-0d6794af233c.nc
196301,https://download-0009-clone.copernicus-climate.eu/cache-compute-0009/cache/data7/adaptor.mars.internal-1694553274.7307756-2657-6-bf7bdafb-7ad4-4b60-b5d2-49c2476c2062.nc
196302,https://download-0021.copernicus-climate.eu/cache-compute-0021/cache/data0/adaptor.mars.internal-1694553309.1289089-23863-3-1aac8d37-b28c-44d6-a159-1cee3b24613f.nc
196303,https://download-0018.copernicus-climate.eu/cache-compute-0018/cache/data6/adaptor.mars.internal-1694553341.8977053-11162-15-1b9b204e-1698-4f42-a3b0-6f885c3d14ec.nc
196304,https://download-0021.copernicus-climate.eu/cache-compute-0021/cache/data0/adaptor.mars.internal-1694553376.9177194-17953-20-14169326-5080-4871-80ea-8a25e7ef860b.nc
196305,https://download-0008-clone.copernicus-climate.eu/cache-compute-0008/cache/data3/adaptor.mars.internal-1694553409.391167-26090-6-fb389aa1-acd7-492f-8ebb-3a2709df579f.nc
196306,https://download-0009-clone.copernicus-climate.eu/cache-compute-0009/cache/data5/adaptor.mars.internal-1694553431.947428-2346-12-2e4c357e-f13d-471f-b9b9-e861ea92a5e9.nc
196307,https://download-0001-clone.copernicus-climate.eu/cache-compute-0001/cache/data9/adaptor.mars.internal-1694553465.2570863-2160-5-373fa1b5-2f08-4745-b487-557fa76826a2.nc
196308,https://download-0013-clone.copernicus-climate.eu/cache-compute-0013/cache/data0/adaptor.mars.internal-1694553499.9964974-9020-18-ba643319-4947-45cd-9af6-265d1f1a2c39.nc
196309,https://download-0006-clone.copernicus-climate.eu/cache-compute-0006/cache/data0/adaptor.mars.internal-1694553533.1268904-18809-19-b47cbe15-30f3-4d63-bfc7-a26089d98f36.nc
196310,https://download-0012-clone.copernicus-climate.eu/cache-compute-0012/cache/data2/adaptor.mars.internal-1694553555.8369498-6898-12-d4db3b1c-16b9-43a1-85af-34c1f51569d8.nc
196311,https://download-0017.copernicus-climate.eu/cache-compute-0017/cache/data1/adaptor.mars.internal-1694553588.5238082-15522-8-37a2cb39-c3e0-49d9-861f-1a618f3ba0b5.nc
196312,https://download-0020.copernicus-climate.eu/cache-compute-0020/cache/data6/adaptor.mars.internal-1694553622.6632633-31269-19-0b25f72e-9fca-47b9-b976-226967510247.nc
196401,https://download-0012-clone.copernicus-climate.eu/cache-compute-0012/cache/data8/adaptor.mars.internal-1694553656.4554293-27217-13-d4c61357-c9fb-41f9-8ed4-7bb46d50b4c8.nc
196402,https://download-0015-clone.copernicus-climate.eu/cache-compute-0015/cache/data8/adaptor.mars.internal-1694553691.7643676-5081-1-275cbaf6-ee1b-4e98-a474-5ff2589976d8.nc
196403,https://download-0021.copernicus-climate.eu/cache-compute-0021/cache/data7/adaptor.mars.internal-1694553724.3990743-24902-11-8b5984ed-edd2-4d44-9c25-69543edde996.nc
196404,https://download-0018.copernicus-climate.eu/cache-compute-0018/cache/data8/adaptor.mars.internal-1694553757.3842757-13980-13-a560243b-03b4-49d1-a189-5774983fb521.nc
196405,https://download-0005-clone.copernicus-climate.eu/cache-compute-0005/cache/data8/adaptor.mars.internal-1694553791.3529134-7145-19-c9909b0c-95db-4e52-acb5-6eb03eac00cd.nc
196406,https://download-0018.copernicus-climate.eu/cache-compute-0018/cache/data9/adaptor.mars.internal-1694553825.0164342-15777-1-3e8e14eb-6fc6-41a8-b61a-bc9158624d44.nc
196407,https://download-0002-clone.copernicus-climate.eu/cache-compute-0002/cache/data3/adaptor.mars.internal-1694553859.5072954-28272-5-c01535a9-41e9-46c1-8e4d-689cdf372fa7.nc
196408,https://download-0020.copernicus-climate.eu/cache-compute-0020/cache/data1/adaptor.mars.internal-1694553892.4161499-2226-8-9e1b0ab0-e735-4876-b359-0d38210f35ae.nc
196409,https://download-0011-clone.copernicus-climate.eu/cache-compute-0011/cache/data8/adaptor.mars.internal-1694553926.013986-25004-14-33e76bd2-8ebe-4ee3-8ca6-9cd784af08c7.nc
196410,https://download-0014-clone.copernicus-climate.eu/cache-compute-0014/cache/data0/adaptor.mars.internal-1694553948.1107814-9824-5-93b6350b-2d57-44dd-baa5-bca1fc4645de.nc
196411,https://download-0001-clone.copernicus-climate.eu/cache-compute-0001/cache/data7/adaptor.mars.internal-1694553999.530599-5527-12-433f21cf-c696-4f78-8c02-74bca660ddb1.nc
196412,https://download-0017.copernicus-climate.eu/cache-compute-0017/cache/data5/adaptor.mars.internal-1694554032.6396923-18058-19-aa0419cd-d501-4147-876a-bddd4ad00cc2.nc
196501,https://download-0006-clone.copernicus-climate.eu/cache-compute-0006/cache/data2/adaptor.mars.internal-1694554066.560153-23885-10-d1550a7e-7354-45c4-b5d3-1a5cf65a7460.nc
196502,https://download-0012-clone.copernicus-climate.eu/cache-compute-0012/cache/data2/adaptor.mars.internal-1694554100.8712049-10095-8-b7f1ac4f-f6fb-4922-89e4-2d445ff70448.nc
196503,https://download-0015-clone.copernicus-climate.eu/cache-compute-0015/cache/data5/adaptor.mars.internal-1694554122.3736036-7591-3-d9fcb4d6-51f1-4d8d-926e-70855f9cc3a5.nc
196504,https://download-0014-clone.copernicus-climate.eu/cache-compute-0014/cache/data3/adaptor.mars.internal-1694554160.2178988-11780-4-52a774ce-c005-4645-9aca-6742b1f3133b.nc
196505,https://download-0012-clone.copernicus-climate.eu/cache-compute-0012/cache/data8/adaptor.mars.internal-1694554194.8254225-11671-5-49ffe808-e98c-4473-ae0e-333bb9f196b7.nc
196506,https://download-0007-clone.copernicus-climate.eu/cache-compute-0007/cache/data4/adaptor.mars.internal-1694554235.6696584-22054-6-4393bd6f-897c-4cee-8309-8183f34df4cc.nc
196507,https://download-0019.copernicus-climate.eu/cache-compute-0019/cache/data8/adaptor.mars.internal-1694554261.9783893-27605-18-126e3512-bfdd-4186-b070-d88afe46d4f2.nc
196508,https://download-0001-clone.copernicus-climate.eu/cache-compute-0001/cache/data7/adaptor.mars.internal-1694554295.218774-5915-15-186505f9-5674-4148-9f6f-8185d22a8239.nc
196509,https://download-0000-clone.copernicus-climate.eu/cache-compute-0000/cache/data4/adaptor.mars.internal-1694554329.0533602-14631-8-64197878-c6d6-4660-8233-2cbc0c106bbc.nc
196510,https://download-0016.copernicus-climate.eu/cache-compute-0016/cache/data4/adaptor.mars.internal-1694554351.1555748-31988-16-cb245ccc-ea7e-4389-9c47-b9f785f92d40.nc
196511,https://download-0006-clone.copernicus-climate.eu/cache-compute-0006/cache/data7/adaptor.mars.internal-1694554386.1243649-22957-18-edc711cf-dacf-430d-9b56-2e2db29c68e3.nc
196512,https://download-0020.copernicus-climate.eu/cache-compute-0020/cache/data5/adaptor.mars.internal-1694554419.4891694-5726-4-6d5fd65d-63db-430c-95b8-e3967a2db414.nc
196601,https://download-0014-clone.copernicus-climate.eu/cache-compute-0014/cache/data6/adaptor.mars.internal-1694554451.9912803-12306-11-240e21a3-7b23-47e6-bdc3-e8178eb75e1b.nc
196602,https://download-0007-clone.copernicus-climate.eu/cache-compute-0007/cache/data9/adaptor.mars.internal-1694554485.3547497-22179-8-e601d476-595f-4022-8d79-b5731a0b213a.nc
196603,https://download-0008-clone.copernicus-climate.eu/cache-compute-0008/cache/data9/adaptor.mars.internal-1694554508.3920527-27490-19-1118b0bc-0df8-4bb5-83f0-1cfb3c277672.nc
196604,https://download-0013-clone.copernicus-climate.eu/cache-compute-0013/cache/data8/adaptor.mars.internal-1694554542.4884684-22242-2-f800b0f1-94c9-423d-99ef-825b0b77525c.nc
196605,https://download-0003-clone.copernicus-climate.eu/cache-compute-0003/cache/data4/adaptor.mars.internal-1694554576.8550408-26764-1-fd4e731d-1a01-4707-ba51-333b811d90af.nc
196606,https://download-0013-clone.copernicus-climate.eu/cache-compute-0013/cache/data8/adaptor.mars.internal-1694554599.0293179-24470-2-e6a01503-97a1-47e9-9201-111a82f3f2fa.nc
196607,https://download-0011-clone.copernicus-climate.eu/cache-compute-0011/cache/data8/adaptor.mars.internal-1694554632.0280645-10974-9-d7294100-719e-4ec0-ac32-225517c7e536.nc
196608,https://download-0007-clone.copernicus-climate.eu/cache-compute-0007/cache/data0/adaptor.mars.internal-1694554655.5657508-30789-3-027618ba-466f-4a02-a0ab-28b5f6576c5d.nc
196609,https://download-0020.copernicus-climate.eu/cache-compute-0020/cache/data6/adaptor.mars.internal-1694554688.081546-5843-12-2490a723-48ac-459f-a167-8a84e90af2db.nc
196610,https://download-0003-clone.copernicus-climate.eu/cache-compute-0003/cache/data0/adaptor.mars.internal-1694554722.935318-26764-7-bf5e7285-d6a5-43a4-ae63-c86f6b665bee.nc
196611,https://download-0008-clone.copernicus-climate.eu/cache-compute-0008/cache/data8/adaptor.mars.internal-1694554755.8572865-7554-4-2ef77e35-637c-43a1-b761-c5a4665f3d98.nc
196612,https://download-0000-clone.copernicus-climate.eu/cache-compute-0000/cache/data3/adaptor.mars.internal-1694554778.3324385-15895-18-c9163c21-6026-4a84-9caf-05b926923e0a.nc
196701,https://download-0003-clone.copernicus-climate.eu/cache-compute-0003/cache/data9/adaptor.mars.internal-1694554801.5799859-19200-8-4334b4ac-a86c-4e6d-bafc-dc871697707f.nc
196702,https://download-0002-clone.copernicus-climate.eu/cache-compute-0002/cache/data8/adaptor.mars.internal-1694554834.404398-30711-16-9310c067-fa11-4d25-8214-dbda38f07600.nc
196703,https://download-0018.copernicus-climate.eu/cache-compute-0018/cache/data4/adaptor.mars.internal-1694554857.2031875-22342-6-eed40a3c-7e57-42d6-add3-301c1f0565d5.nc
196704,https://download-0010-clone.copernicus-climate.eu/cache-compute-0010/cache/data7/adaptor.mars.internal-1694554891.1977856-832-12-6fedfe06-6325-483d-9f71-7324375fa369.nc
196705,https://download-0020.copernicus-climate.eu/cache-compute-0020/cache/data5/adaptor.mars.internal-1694554913.8978736-13251-6-6976d48f-d81e-4e4d-8ab6-6940d60866eb.nc
196706,https://download-0017.copernicus-climate.eu/cache-compute-0017/cache/data1/adaptor.mars.internal-1694554947.8785677-1408-8-7c35a2ce-8ae9-4c68-b071-49b2c32ace06.nc
196707,https://download-0020.copernicus-climate.eu/cache-compute-0020/cache/data5/adaptor.mars.internal-1694554981.6627655-13773-5-4016e97f-5be6-4ce7-95cf-9d0a918c6404.nc
196708,https://download-0021.copernicus-climate.eu/cache-compute-0021/cache/data1/adaptor.mars.internal-1694555003.629-29063-16-ae382384-b206-4ca6-beb6-9602b2aa1726.nc
196709,https://download-0016.copernicus-climate.eu/cache-compute-0016/cache/data9/adaptor.mars.internal-1694555038.246587-12915-1-72f15073-e7d8-4b6d-8edb-2f3222283a1e.nc
196710,https://download-0018.copernicus-climate.eu/cache-compute-0018/cache/data6/adaptor.mars.internal-1694555071.6577747-19895-15-d58533a3-1c9f-49b9-8f4f-253ddf14c12b.nc
196711,https://download-0008-clone.copernicus-climate.eu/cache-compute-0008/cache/data0/adaptor.mars.internal-1694555106.8190308-8553-10-50ca0846-eaa3-46c6-87a2-751a8882866d.nc
196712,https://download-0009-clone.copernicus-climate.eu/cache-compute-0009/cache/data5/adaptor.mars.internal-1694555140.169622-16446-15-b607d12b-5c43-49b2-8be4-8bf428c703d3.nc
196801,https://download-0017.copernicus-climate.eu/cache-compute-0017/cache/data5/adaptor.mars.internal-1694555173.4306045-4066-2-808657ad-50f7-4be6-a1bf-3bb4765ccaef.nc
196802,https://download-0013-clone.copernicus-climate.eu/cache-compute-0013/cache/data6/adaptor.mars.internal-1694555195.9234755-27561-4-29405e2d-8cfd-496c-a75e-a879814cbfa3.nc
196803,https://download-0015-clone.copernicus-climate.eu/cache-compute-0015/cache/data3/adaptor.mars.internal-1694555218.1747024-12025-19-2f7bf3bd-6c1c-43e6-937d-784b2ed80f49.nc
196804,https://download-0019.copernicus-climate.eu/cache-compute-0019/cache/data8/adaptor.mars.internal-1694555251.4774232-5011-7-15ed2ee2-3395-498b-92d6-6e6ed0730b71.nc
196805,https://download-0005-clone.copernicus-climate.eu/cache-compute-0005/cache/data6/adaptor.mars.internal-1694555284.7564504-7669-6-f348a39e-e88d-43c6-829f-8dceeb4874b2.nc
196806,https://download-0003-clone.copernicus-climate.eu/cache-compute-0003/cache/data9/adaptor.mars.internal-1694555319.1810038-32106-10-c205d064-db7b-48ce-8ae8-c6c540d6d1af.nc
196807,https://download-0005-clone.copernicus-climate.eu/cache-compute-0005/cache/data8/adaptor.mars.internal-1694555341.2861953-6069-8-442d95ee-257e-41b0-b32d-786f28e736e4.nc
196808,https://download-0005-clone.copernicus-climate.eu/cache-compute-0005/cache/data2/adaptor.mars.internal-1694555375.4462628-7943-7-7173be41-48df-425b-bd75-8a48c101cf50.nc
196809,https://download-0014-clone.copernicus-climate.eu/cache-compute-0014/cache/data9/adaptor.mars.internal-1694555409.468396-20599-8-950cb491-d887-4c95-9bbe-73202701fa3a.nc
196810,https://download-0009-clone.copernicus-climate.eu/cache-compute-0009/cache/data8/adaptor.mars.internal-1694555442.6054792-17737-16-9215497e-8f44-4ff0-969f-dbd670ad08f6.nc
196811,https://download-0016.copernicus-climate.eu/cache-compute-0016/cache/data9/adaptor.mars.internal-1694555465.5558093-12915-18-33573413-0546-4cd1-abe8-3ab4513328a2.nc
196812,https://download-0002-clone.copernicus-climate.eu/cache-compute-0002/cache/data2/adaptor.mars.internal-1694555499.4777849-12115-4-518ec6b9-d7e1-49f1-aef4-dca79ccc4acd.nc
196901,https://download-0021.copernicus-climate.eu/cache-compute-0021/cache/data7/adaptor.mars.internal-1694555533.4961746-7449-11-338061f1-b94c-4acc-b518-fd169a686c75.nc
196902,https://download-0019.copernicus-climate.eu/cache-compute-0019/cache/data0/adaptor.mars.internal-1694555565.910488-8245-4-c881f115-4388-4d65-8487-f11e6932b2c0.nc
196903,https://download-0000-clone.copernicus-climate.eu/cache-compute-0000/cache/data0/adaptor.mars.internal-1694555588.8953273-27588-9-fd05f528-5a96-4348-9c39-27b34ed054e4.nc
196904,https://download-0003-clone.copernicus-climate.eu/cache-compute-0003/cache/data5/adaptor.mars.internal-1694555622.2060733-31650-17-a8ebc0ef-53d2-4bc7-b9f2-a6b0d812d979.nc
196905,https://download-0015-clone.copernicus-climate.eu/cache-compute-0015/cache/data8/adaptor.mars.internal-1694555655.4541032-16748-4-a214602b-3d91-4d73-bdc1-e16d1fd2d0ad.nc
196906,https://download-0000-clone.copernicus-climate.eu/cache-compute-0000/cache/data2/adaptor.mars.internal-1694555705.560895-27910-7-d96a50ae-8c03-493d-b7f7-1d75a0e29ec2.nc
196907,https://download-0005-clone.copernicus-climate.eu/cache-compute-0005/cache/data5/adaptor.mars.internal-1694555728.9422889-9035-12-c3e14ee9-7f9c-4e68-9ec1-d6d7b72b8b09.nc
196908,https://download-0004-clone.copernicus-climate.eu/cache-compute-0004/cache/data4/adaptor.mars.internal-1694555763.2090776-24766-11-cd8192dc-7432-427d-8e6d-1d4555398f1b.nc
196909,https://download-0001-clone.copernicus-climate.eu/cache-compute-0001/cache/data9/adaptor.mars.internal-1694555795.8768954-16035-8-bbf527ec-9542-4258-8e62-72cf92062976.nc
196910,https://download-0010-clone.copernicus-climate.eu/cache-compute-0010/cache/data7/adaptor.mars.internal-1694555820.5329742-10005-2-9810344c-70ff-46c7-90ea-24c5f5accfc7.nc
196911,https://download-0008-clone.copernicus-climate.eu/cache-compute-0008/cache/data8/adaptor.mars.internal-1694555852.7512434-15281-4-7cac5ae1-3330-40f4-b252-0c41666c530d.nc
196912,https://download-0003-clone.copernicus-climate.eu/cache-compute-0003/cache/data4/adaptor.mars.internal-1694555875.3420517-4821-1-f8c770f9-741d-4dbb-a263-150999bdfbcd.nc
197001,https://download-0008-clone.copernicus-climate.eu/cache-compute-0008/cache/data6/adaptor.mars.internal-1694555898.5175655-13140-14-ddbb9370-ebe2-4cf6-872d-b5943c3d5dcf.nc
197002,https://download-0003-clone.copernicus-climate.eu/cache-compute-0003/cache/data4/adaptor.mars.internal-1694555919.6538754-3619-9-ae29d37d-4852-40b4-9a64-4f7b764519f9.nc
197003,https://download-0008-clone.copernicus-climate.eu/cache-compute-0008/cache/data7/adaptor.mars.internal-1694555943.547467-14946-11-d63c4b09-8d04-44eb-bb56-ad17facd93c9.nc
197004,https://download-0001-clone.copernicus-climate.eu/cache-compute-0001/cache/data8/adaptor.mars.internal-1694555975.8158944-12712-17-39843244-810e-4a22-b520-aac34bd72d45.nc
197005,https://download-0010-clone.copernicus-climate.eu/cache-compute-0010/cache/data2/adaptor.mars.internal-1694556010.3159125-5861-15-17c395b2-6dc9-411b-b805-7995cc8c8470.nc
197006,https://download-0010-clone.copernicus-climate.eu/cache-compute-0010/cache/data7/adaptor.mars.internal-1694556044.159112-9871-12-c7ea4645-f337-4559-8bd2-7057ac7bb3af.nc
197007,https://download-0000-clone.copernicus-climate.eu/cache-compute-0000/cache/data1/adaptor.mars.internal-1694556066.8949583-30303-5-2a8de2e4-4e15-42ed-9179-46a4c6810e8f.nc
197008,https://download-0002-clone.copernicus-climate.eu/cache-compute-0002/cache/data8/adaptor.mars.internal-1694556099.8816175-10400-2-eeaf4d60-9926-4431-bd9b-4fc24e6e49a8.nc
197009,https://download-0012-clone.copernicus-climate.eu/cache-compute-0012/cache/data2/adaptor.mars.internal-1694556122.7387836-30792-1-b68ba32a-04be-413e-a1b8-694bac6f35ca.nc
197010,https://download-0010-clone.copernicus-climate.eu/cache-compute-0010/cache/data7/adaptor.mars.internal-1694556145.161821-12472-2-cad5f8d5-8a86-4287-a56e-604db1f938ce.nc
197011,https://download-0010-clone.copernicus-climate.eu/cache-compute-0010/cache/data7/adaptor.mars.internal-1694556178.9045897-11150-12-5e8258e4-4740-450d-be44-5a10566639f4.nc
197012,https://download-0004-clone.copernicus-climate.eu/cache-compute-0004/cache/data9/adaptor.mars.internal-1694556212.992276-31918-14-ee84f0ad-60a8-4b92-a51b-81275a07c37d.nc
197101,https://download-0021.copernicus-climate.eu/cache-compute-0021/cache/data7/adaptor.mars.internal-1694556246.5603468-11331-11-cd4fc5ae-6f6b-4240-8092-3ada6bcded67.nc
197102,https://download-0003-clone.copernicus-climate.eu/cache-compute-0003/cache/data0/adaptor.mars.internal-1694556281.6417124-6279-12-2ece980d-8c58-436e-ac56-80adff67cfb3.nc
197103,https://download-0005-clone.copernicus-climate.eu/cache-compute-0005/cache/data3/adaptor.mars.internal-1694556314.44037-9649-16-e8814425-27e3-4d1d-896d-5acb6db3fd6c.nc
197104,https://download-0009-clone.copernicus-climate.eu/cache-compute-0009/cache/data7/adaptor.mars.internal-1694556347.608198-23344-14-077c7b5e-4815-4a74-8432-77c34ac68f9c.nc
197105,https://download-0020.copernicus-climate.eu/cache-compute-0020/cache/data1/adaptor.mars.internal-1694556381.1494694-22408-8-e4a9d204-36d7-4dcd-acad-8f3997bb1313.nc
197106,https://download-0002-clone.copernicus-climate.eu/cache-compute-0002/cache/data8/adaptor.mars.internal-1694556415.1811028-16641-16-c5785080-e274-496e-a233-ec40a852f785.nc
197107,https://download-0021.copernicus-climate.eu/cache-compute-0021/cache/data6/adaptor.mars.internal-1694556437.6757576-11761-8-ecb2ebad-20a1-4286-8dd9-a039c4f8a893.nc
197108,https://download-0005-clone.copernicus-climate.eu/cache-compute-0005/cache/data3/adaptor.mars.internal-1694556471.3839004-16633-7-d62899ba-a17a-41d4-8f48-4796a9bffbff.nc
197109,https://download-0004-clone.copernicus-climate.eu/cache-compute-0004/cache/data4/adaptor.mars.internal-1694556504.2961602-25397-10-78243360-f702-4c33-b941-863590ddae12.nc
197110,https://download-0001-clone.copernicus-climate.eu/cache-compute-0001/cache/data7/adaptor.mars.internal-1694556538.9011402-17869-12-474d97a7-116c-4de9-a32c-5c5f92c669fc.nc
197111,https://download-0020.copernicus-climate.eu/cache-compute-0020/cache/data0/adaptor.mars.internal-1694556572.5883417-23000-16-00ed511e-e9e7-4c9d-b090-1f6b1496f3c6.nc
197112,https://download-0005-clone.copernicus-climate.eu/cache-compute-0005/cache/data3/adaptor.mars.internal-1694556594.86948-19231-11-67b2d921-8c73-426c-b75e-cb103e607020.nc
197201,https://download-0002-clone.copernicus-climate.eu/cache-compute-0002/cache/data2/adaptor.mars.internal-1694556628.6941137-25724-4-dc014c30-9a29-4f48-9769-51080dfdef43.nc
197202,https://download-0015-clone.copernicus-climate.eu/cache-compute-0015/cache/data4/adaptor.mars.internal-1694556650.1634567-18492-8-8e1b7782-71d4-410c-a0e3-830737d29d93.nc
197203,https://download-0000-clone.copernicus-climate.eu/cache-compute-0000/cache/data4/adaptor.mars.internal-1694556673.5795913-3891-11-45646901-38c6-4e6a-bcf2-8f0caa58688b.nc
197204,https://download-0011-clone.copernicus-climate.eu/cache-compute-0011/cache/data0/adaptor.mars.internal-1694556706.8151612-1548-13-bdeab8a9-f592-443a-b549-dc4e54ef1cde.nc
197205,https://download-0016.copernicus-climate.eu/cache-compute-0016/cache/data8/adaptor.mars.internal-1694556729.5743537-26747-8-c83cbd5e-8c20-4f74-8092-af29f6087677.nc
197206,https://download-0000-clone.copernicus-climate.eu/cache-compute-0000/cache/data4/adaptor.mars.internal-1694556763.1915314-8077-11-e3fc9cf2-aa6c-4028-b929-8bd0a17447fd.nc
197207,https://download-0007-clone.copernicus-climate.eu/cache-compute-0007/cache/data1/adaptor.mars.internal-1694556785.4493606-15402-1-9768f517-04a7-47e5-8dd6-304fe737ee54.nc
197208,https://download-0005-clone.copernicus-climate.eu/cache-compute-0005/cache/data8/adaptor.mars.internal-1694556819.1644003-20173-9-8e959072-dd0a-4a29-9c71-4c92196d063c.nc
197209,https://download-0021.copernicus-climate.eu/cache-compute-0021/cache/data7/adaptor.mars.internal-1694556852.5741918-19690-7-16dcde1b-417b-4684-8295-54f15a48d7bc.nc
197210,https://download-0021.copernicus-climate.eu/cache-compute-0021/cache/data3/adaptor.mars.internal-1694556875.2154598-18968-15-8d7e06fa-c966-4320-9922-6293c1ea9313.nc
197211,https://download-0021.copernicus-climate.eu/cache-compute-0021/cache/data6/adaptor.mars.internal-1694556897.525107-7717-4-a38f5ef1-e882-4b43-9109-5b310634444f.nc
197212,https://download-0010-clone.copernicus-climate.eu/cache-compute-0010/cache/data7/adaptor.mars.internal-1694556930.6120284-22144-8-3f5a5f62-13e1-4202-a799-6895ea832ecb.nc
197301,https://download-0005-clone.copernicus-climate.eu/cache-compute-0005/cache/data5/adaptor.mars.internal-1694556965.2297533-23030-2-348b800f-40e3-4f76-b7ca-87de4f3ab060.nc
197302,https://download-0001-clone.copernicus-climate.eu/cache-compute-0001/cache/data4/adaptor.mars.internal-1694556987.3868213-23035-7-6c55523f-ec53-47e8-82f8-991fbea54d00.nc
197303,https://download-0021.copernicus-climate.eu/cache-compute-0021/cache/data6/adaptor.mars.internal-1694557010.309897-20425-4-a68438e6-29da-4c82-9970-aa118ea1d605.nc
197304,https://download-0004-clone.copernicus-climate.eu/cache-compute-0004/cache/data2/adaptor.mars.internal-1694557043.6187675-22188-7-4dc3269b-f7be-4b5c-911d-e6c06aa0b8db.nc
197305,https://download-0012-clone.copernicus-climate.eu/cache-compute-0012/cache/data2/adaptor.mars.internal-1694557077.2438862-10548-1-3597846e-b44f-4a5f-92c7-384a4d88816d.nc
197306,https://download-0011-clone.copernicus-climate.eu/cache-compute-0011/cache/data5/adaptor.mars.internal-1694557099.2128246-5520-5-03c0abf7-c241-43db-8246-67961aa9032f.nc
197307,https://download-0005-clone.copernicus-climate.eu/cache-compute-0005/cache/data5/adaptor.mars.internal-1694557122.3591287-21742-17-00f325ee-d310-41a3-b68f-a7ba277b4dc7.nc
197308,https://download-0008-clone.copernicus-climate.eu/cache-compute-0008/cache/data7/adaptor.mars.internal-1694557155.1868377-27026-11-58f9e8ea-33e0-4ec5-96a0-995b482242eb.nc
197309,https://download-0001-clone.copernicus-climate.eu/cache-compute-0001/cache/data9/adaptor.mars.internal-1694557177.6580048-25172-3-5e9d80de-7bae-4f12-b358-05817232c48d.nc
197310,https://download-0019.copernicus-climate.eu/cache-compute-0019/cache/data0/adaptor.mars.internal-1694557198.9575598-25409-4-05037888-f69d-4452-b3cc-0495d2d00770.nc
197311,https://download-0018.copernicus-climate.eu/cache-compute-0018/cache/data9/adaptor.mars.internal-1694557221.8910003-13199-1-58abc6ff-8698-4612-bb25-d10a3aa66935.nc
197312,https://download-0016.copernicus-climate.eu/cache-compute-0016/cache/data7/adaptor.mars.internal-1694557255.6879811-29341-9-53a683df-bb0d-4bce-8a0a-af26dd221c66.nc
197401,https://download-0010-clone.copernicus-climate.eu/cache-compute-0010/cache/data1/adaptor.mars.internal-1694557289.755465-25416-1-4ae793a1-b760-4c6e-98a0-bb351ba12312.nc
197402,https://download-0010-clone.copernicus-climate.eu/cache-compute-0010/cache/data7/adaptor.mars.internal-1694557312.1448898-25416-2-c9f0c9af-e928-491b-8bb0-bde9eaa8ee35.nc
197403,https://download-0007-clone.copernicus-climate.eu/cache-compute-0007/cache/data8/adaptor.mars.internal-1694557334.2525957-18235-4-0872cda0-9f75-43ce-aa25-50b55e86d0ff.nc
197404,https://download-0011-clone.copernicus-climate.eu/cache-compute-0011/cache/data6/adaptor.mars.internal-1694557367.727236-7052-4-ed047a74-e743-410c-b8d1-921ea7d94e82.nc
197405,https://download-0012-clone.copernicus-climate.eu/cache-compute-0012/cache/data4/adaptor.mars.internal-1694557390.0123508-12051-3-ff0fb7ae-cfbc-4f18-936e-3afe5b880180.nc
197406,https://download-0014-clone.copernicus-climate.eu/cache-compute-0014/cache/data3/adaptor.mars.internal-1694557423.9386592-11594-2-6095d888-e0b4-4b08-a9b4-90906b34ab32.nc
197407,https://download-0001-clone.copernicus-climate.eu/cache-compute-0001/cache/data6/adaptor.mars.internal-1694557445.749718-25603-10-2f9367b9-c26a-4a07-9c97-32c16a9d0a71.nc
197408,https://download-0007-clone.copernicus-climate.eu/cache-compute-0007/cache/data8/adaptor.mars.internal-1694557468.2541676-17279-11-917bc216-3c6b-4a4c-971f-4bc6b0103fdd.nc
197409,https://download-0004-clone.copernicus-climate.eu/cache-compute-0004/cache/data4/adaptor.mars.internal-1694557501.3873155-25195-18-09c28a27-a7ef-480e-b438-4f0149f2e05a.nc
197410,https://download-0009-clone.copernicus-climate.eu/cache-compute-0009/cache/data4/adaptor.mars.internal-1694557523.8645532-4776-5-4702df0f-20eb-475d-bbc2-e5eaceb1bd5a.nc
197411,https://download-0001-clone.copernicus-climate.eu/cache-compute-0001/cache/data0/adaptor.mars.internal-1694557546.23964-25759-13-01fbf16c-5b23-4f4b-b7cd-378a6dc90b9e.nc
197412,https://download-0005-clone.copernicus-climate.eu/cache-compute-0005/cache/data7/adaptor.mars.internal-1694557568.5688982-24445-15-39536e96-f46b-465e-9156-9d16a19830d2.nc
197501,https://download-0006-clone.copernicus-climate.eu/cache-compute-0006/cache/data4/adaptor.mars.internal-1694557602.9659235-23477-15-e0ce5a6a-36e9-40a8-aa2c-da3ecd8e8944.nc
197502,https://download-0009-clone.copernicus-climate.eu/cache-compute-0009/cache/data7/adaptor.mars.internal-1694557636.0480652-3463-18-1f49ed47-6397-4f00-b4b5-ccf60e446ffd.nc
197503,https://download-0017.copernicus-climate.eu/cache-compute-0017/cache/data5/adaptor.mars.internal-1694557657.9156702-23705-19-9e7719fa-e32e-440e-90aa-9d45ff63a9ff.nc
197504,https://download-0013-clone.copernicus-climate.eu/cache-compute-0013/cache/data6/adaptor.mars.internal-1694557679.8522906-11092-8-94c9614a-78ec-4d9c-a117-507c4de78dd5.nc
197505,https://download-0008-clone.copernicus-climate.eu/cache-compute-0008/cache/data1/adaptor.mars.internal-1694557713.8863523-30254-8-c6a2871f-1045-450d-9f67-a69151c6b59d.nc
197506,https://download-0008-clone.copernicus-climate.eu/cache-compute-0008/cache/data8/adaptor.mars.internal-1694557735.9612186-30532-4-ff41a111-00e1-4c4d-8b38-fd437c03e6e0.nc
197507,https://download-0001-clone.copernicus-climate.eu/cache-compute-0001/cache/data7/adaptor.mars.internal-1694557758.8188875-29127-2-804493a0-14e2-4c01-9f90-7e4a06950e6b.nc
197508,https://download-0010-clone.copernicus-climate.eu/cache-compute-0010/cache/data0/adaptor.mars.internal-1694557791.445243-22676-7-5be21130-768e-4f37-a93f-ec2428398dd6.nc
197509,https://download-0000-clone.copernicus-climate.eu/cache-compute-0000/cache/data2/adaptor.mars.internal-1694557814.4356935-15335-7-82c548eb-c526-4213-9ed3-07d99aad0bcf.nc
197510,https://download-0003-clone.copernicus-climate.eu/cache-compute-0003/cache/data0/adaptor.mars.internal-1694557837.1228714-20651-12-62c2d4a9-fe31-4351-8934-6e171b7ee744.nc
197511,https://download-0016.copernicus-climate.eu/cache-compute-0016/cache/data4/adaptor.mars.internal-1694557858.7651887-31261-17-98f4a541-1420-436f-abd1-a400dfe5a567.nc
197512,https://download-0013-clone.copernicus-climate.eu/cache-compute-0013/cache/data5/adaptor.mars.internal-1694557881.37746-17851-3-957877d8-07e5-4011-aca2-43e7f6b92adb.nc
197601,https://download-0001-clone.copernicus-climate.eu/cache-compute-0001/cache/data7/adaptor.mars.internal-1694557914.533809-28852-11-05d0555c-cc75-496d-a183-74711e57a911.nc
197602,https://download-0010-clone.copernicus-climate.eu/cache-compute-0010/cache/data9/adaptor.mars.internal-1694557936.5614753-28909-5-4beb470d-7bd4-4442-b873-358885f77265.nc
197603,https://download-0004-clone.copernicus-climate.eu/cache-compute-0004/cache/data7/adaptor.mars.internal-1694557958.2799172-8432-4-a9ce0eba-7c53-4fca-a57e-efcc16936e1b.nc
197604,https://download-0013-clone.copernicus-climate.eu/cache-compute-0013/cache/data5/adaptor.mars.internal-1694557992.9724512-17851-7-515a9713-c7d6-4e32-a961-ef159376c3f7.nc
197605,https://download-0011-clone.copernicus-climate.eu/cache-compute-0011/cache/data4/adaptor.mars.internal-1694558025.5629642-1941-15-6e3df077-29e0-43f7-bae2-cc66c802709f.nc
197606,https://download-0006-clone.copernicus-climate.eu/cache-compute-0006/cache/data5/adaptor.mars.internal-1694558059.193532-26282-9-00635d82-990c-4b5f-842c-9c17c283a123.nc
197607,https://download-0011-clone.copernicus-climate.eu/cache-compute-0011/cache/data5/adaptor.mars.internal-1694558082.192654-11817-4-cda0e6a3-9f5b-4f34-90b5-af425165da28.nc
197608,https://download-0008-clone.copernicus-climate.eu/cache-compute-0008/cache/data7/adaptor.mars.internal-1694558104.2856243-31105-15-fd8f6188-136e-4448-9992-4903068493fc.nc
197609,https://download-0019.copernicus-climate.eu/cache-compute-0019/cache/data1/adaptor.mars.internal-1694558137.7094588-30510-12-dfa59da5-c9f5-4678-9c1b-e892e80bfb45.nc
197610,https://download-0005-clone.copernicus-climate.eu/cache-compute-0005/cache/data9/adaptor.mars.internal-1694558171.728071-30237-8-17340b69-d9ea-46e0-a82f-02198495a438.nc
197611,https://download-0001-clone.copernicus-climate.eu/cache-compute-0001/cache/data0/adaptor.mars.internal-1694558205.4040623-27865-20-a92264dc-de54-4afb-8022-8c6c682ff718.nc
197612,https://download-0000-clone.copernicus-climate.eu/cache-compute-0000/cache/data7/adaptor.mars.internal-1694558227.3896296-15176-15-6a173a0b-7f68-48b1-b1bd-1a5228caec6d.nc
197701,https://download-0016.copernicus-climate.eu/cache-compute-0016/cache/data2/adaptor.mars.internal-1694558260.7911968-1241-14-b5bbbb32-47f1-468d-99bf-0369532eb7ec.nc
197702,https://download-0016.copernicus-climate.eu/cache-compute-0016/cache/data2/adaptor.mars.internal-1694558283.387218-1631-14-e3749f95-2fe2-4edd-8e10-ebcd321506ad.nc
197703,https://download-0012-clone.copernicus-climate.eu/cache-compute-0012/cache/data5/adaptor.mars.internal-1694558306.2637663-23221-7-a9839a58-d13a-4b70-8c34-5ff71b2b41c5.nc
197704,https://download-0009-clone.copernicus-climate.eu/cache-compute-0009/cache/data1/adaptor.mars.internal-1694558339.1712213-2880-19-68f87522-2cd2-47a1-a16d-03251bce477a.nc
197705,https://download-0010-clone.copernicus-climate.eu/cache-compute-0010/cache/data2/adaptor.mars.internal-1694558361.4469116-4610-3-7bccba84-cedf-4aba-acb1-1359a736099d.nc
197706,https://download-0012-clone.copernicus-climate.eu/cache-compute-0012/cache/data7/adaptor.mars.internal-1694558383.7377014-15963-19-ebe838a7-261e-49c7-af18-330394a82ed1.nc
197707,https://download-0002-clone.copernicus-climate.eu/cache-compute-0002/cache/data0/adaptor.mars.internal-1694558405.8416238-1201-19-201bdae5-1da4-486c-8146-abeca5245b8e.nc
197708,https://download-0005-clone.copernicus-climate.eu/cache-compute-0005/cache/data8/adaptor.mars.internal-1694558428.6985865-4601-4-b6ddcc77-098e-4a26-8068-1dec3e8ab1ec.nc
197709,https://download-0016.copernicus-climate.eu/cache-compute-0016/cache/data9/adaptor.mars.internal-1694558450.5154886-3109-18-ae8ae3b6-c5d0-4ced-b5e8-313d5bf9a6bc.nc
197710,https://download-0004-clone.copernicus-climate.eu/cache-compute-0004/cache/data9/adaptor.mars.internal-1694558472.987086-17489-17-a9d3dd9f-0983-48bb-a22f-49a32652cb35.nc
197711,https://download-0005-clone.copernicus-climate.eu/cache-compute-0005/cache/data8/adaptor.mars.internal-1694558506.1412396-16968-18-acf07210-05bd-4605-bdcd-c176fac0ca0d.nc
197712,https://download-0005-clone.copernicus-climate.eu/cache-compute-0005/cache/data1/adaptor.mars.internal-1694558529.2088783-16968-19-fc7c6fcd-e7c5-4eff-b61a-5a9b2dcf0fb4.nc
197801,https://download-0007-clone.copernicus-climate.eu/cache-compute-0007/cache/data2/adaptor.mars.internal-1694558562.6742945-30120-17-c578adcb-d306-4249-94a2-681c398c7110.nc
197802,https://download-0006-clone.copernicus-climate.eu/cache-compute-0006/cache/data3/adaptor.mars.internal-1694558596.0290117-2712-13-b5b48067-b184-47fc-9763-47a7d57c7e12.nc
197803,https://download-0018.copernicus-climate.eu/cache-compute-0018/cache/data7/adaptor.mars.internal-1694558618.2801821-25502-9-d610d279-27e0-4323-998e-f899156ba30d.nc
197804,https://download-0020.copernicus-climate.eu/cache-compute-0020/cache/data6/adaptor.mars.internal-1694558651.6139028-14565-13-fc3a3812-7a4f-4ca5-a813-6ccaadb0e096.nc
197805,https://download-0012-clone.copernicus-climate.eu/cache-compute-0012/cache/data2/adaptor.mars.internal-1694558686.1585317-25042-12-9722ce64-caa4-480c-aebe-dccb2bea91cb.nc
197806,https://download-0018.copernicus-climate.eu/cache-compute-0018/cache/data8/adaptor.mars.internal-1694558720.3822181-25346-11-9db3cb57-b314-4420-b0cc-a1aa06456daf.nc
197807,https://download-0006-clone.copernicus-climate.eu/cache-compute-0006/cache/data6/adaptor.mars.internal-1694558753.8033922-3060-7-e353ee59-9897-42ae-84cf-065f81ba35fc.nc
197808,https://download-0003-clone.copernicus-climate.eu/cache-compute-0003/cache/data0/adaptor.mars.internal-1694558804.4667335-328-11-279fafb0-1a59-499c-94ca-51cce4bee43a.nc
197809,https://download-0011-clone.copernicus-climate.eu/cache-compute-0011/cache/data5/adaptor.mars.internal-1694558837.9299345-19682-5-7f8dabc2-b95b-4c43-bcb0-293303e1d12d.nc
197810,https://download-0019.copernicus-climate.eu/cache-compute-0019/cache/data5/adaptor.mars.internal-1694558860.43443-7359-14-d8331c13-06a7-492b-ac1d-e7e45dd17ce8.nc
197811,https://download-0021.copernicus-climate.eu/cache-compute-0021/cache/data1/adaptor.mars.internal-1694558893.5611026-5045-1-276dd3c3-d753-42e8-bf7e-98e2da0a76cb.nc
197812,https://download-0017.copernicus-climate.eu/cache-compute-0017/cache/data1/adaptor.mars.internal-1694558916.361075-5157-12-bb12665d-1fe9-4e96-bc2a-e4cc23b69c95.nc
